Student_ID,Student_Name,Gender,Date_of_Birth,Class,Section,Admission_Date,Roll_Number,Guardian_Name,Guardian_Contact,Fee_Status,Scholarship,Performance_Category
1001,Student_1001,Female,2012-09-30,1,A,2023-04-03,Roll_1001,Guardian_1001,03174913853,Paid,Yes,High
1002,Student_1002,Male,2012-06-14,1,B,2023-04-22,Roll_1002,Guardian_1002,03371310554,Paid,Yes,High
1003,Student_1003,Female,2010-01-27,1,B,2022-11-23,Roll_1003,Guardian_1003,03474810735,Unpaid,No,Average
1004,Student_1004,Female,2011-02-23,1,B,2022-07-09,Roll_1004,Guardian_1004,03303971919,Paid,No,Average
1005,Student_1005,Male,2018-03-08,1,B,2024-07-29,Roll_1005,Guardian_1005,03387885264,Paid,No,Average
1006,Student_1006,Female,2016-06-22,1,A,2023-01-29,Roll_1006,Guardian_1006,03478264126,Paid,Yes,Average
1007,Student_1007,Male,2012-08-11,1,A,2022-07-26,Roll_1007,Guardian_1007,03304078714,Unpaid,No,Low
1008,Student_1008,Female,2012-05-08,1,B,2023-07-01,Roll_1008,Guardian_1008,03476786911,Paid,Yes,Average
1009,Student_1009,Female,2013-01-10,1,A,2023-03-26,Roll_1009,Guardian_1009,03467549477,Unpaid,Yes,Average
1010,Student_1010,Female,2014-07-02,1,A,2023-07-03,Roll_1010,Guardian_1010,03135534736,Paid,No,Low
1011,Student_1011,Female,2017-03-18,1,A,2024-07-28,Roll_1011,Guardian_1011,03176703600,Unpaid,Yes,Average
1012,Student_1012,Female,2018-05-18,1,A,2024-05-27,Roll_1012,Guardian_1012,03413281854,Unpaid,No,Average
1013,Student_1013,Male,2015-09-19,1,A,2024-10-07,Roll_1013,Guardian_1013,03148806619,Paid,Yes,Low
1014,Student_1014,Female,2016-09-08,1,A,2022-05-11,Roll_1014,Guardian_1014,03306570376,Unpaid,No,Average
1015,Student_1015,Male,2017-08-18,1,B,2022-08-23,Roll_1015,Guardian_1015,03465990466,Unpaid,No,Low
1016,Student_1016,Male,2015-02-02,1,A,2022-01-07,Roll_1016,Guardian_1016,03487670222,Unpaid,Yes,Average
1017,Student_1017,Female,2017-03-02,1,A,2024-11-05,Roll_1017,Guardian_1017,03426938392,Paid,Yes,Low
1018,Student_1018,Male,2016-09-19,1,B,2023-10-26,Roll_1018,Guardian_1018,03362318192,Paid,Yes,Low
1019,Student_1019,Female,2012-09-07,1,B,2022-04-29,Roll_1019,Guardian_1019,03229316949,Paid,Yes,Low
1020,Student_1020,Male,2011-06-10,1,B,2024-08-31,Roll_1020,Guardian_1020,03395173558,Paid,No,Low
1021,Student_1021,Male,2017-12-30,1,B,2023-10-01,Roll_1021,Guardian_1021,03314207359,Unpaid,No,Low
1022,Student_1022,Male,2010-09-20,1,B,2023-11-24,Roll_1022,Guardian_1022,03111292683,Paid,Yes,High
1023,Student_1023,Male,2012-07-26,1,A,2022-05-19,Roll_1023,Guardian_1023,03116864703,Unpaid,Yes,High
1024,Student_1024,Female,2012-05-27,1,A,2022-09-28,Roll_1024,Guardian_1024,03488346949,Unpaid,Yes,Average
1025,Student_1025,Male,2011-01-22,1,B,2022-07-18,Roll_1025,Guardian_1025,03453788671,Unpaid,No,Low
1026,Student_1026,Male,2017-07-21,1,B,2022-07-21,Roll_1026,Guardian_1026,03132541181,Unpaid,No,Average
1027,Student_1027,Male,2016-01-06,1,A,2024-07-07,Roll_1027,Guardian_1027,03175259798,Unpaid,Yes,Average
1028,Student_1028,Male,2014-12-21,1,B,2022-07-20,Roll_1028,Guardian_1028,03127159403,Paid,Yes,Average
1029,Student_1029,Female,2015-05-26,1,A,2023-03-14,Roll_1029,Guardian_1029,03315306864,Paid,Yes,Average
1030,Student_1030,Female,2012-12-22,1,B,2024-07-20,Roll_1030,Guardian_1030,03253142014,Unpaid,No,High
1031,Student_1031,Male,2010-08-28,1,A,2022-05-05,Roll_1031,Guardian_1031,03268365303,Paid,Yes,Average
1032,Student_1032,Male,2010-08-21,1,B,2024-11-06,Roll_1032,Guardian_1032,03143009514,Paid,Yes,Average
1033,Student_1033,Male,2014-07-12,1,A,2022-09-03,Roll_1033,Guardian_1033,03405842159,Paid,Yes,Average
1034,Student_1034,Female,2012-12-04,1,A,2023-02-23,Roll_1034,Guardian_1034,03459556395,Unpaid,Yes,Average
1035,Student_1035,Female,2015-02-16,1,B,2023-10-10,Roll_1035,Guardian_1035,03138946288,Paid,No,Average
1036,Student_1036,Male,2015-09-04,1,A,2023-06-28,Roll_1036,Guardian_1036,03171112077,Unpaid,Yes,High
1037,Student_1037,Male,2014-11-30,1,A,2023-09-12,Roll_1037,Guardian_1037,03428391997,Paid,No,Average
1038,Student_1038,Male,2012-12-19,1,A,2022-08-25,Roll_1038,Guardian_1038,03157464501,Paid,No,Low
1039,Student_1039,Female,2012-04-13,1,B,2023-06-25,Roll_1039,Guardian_1039,03371339422,Unpaid,No,Average
1040,Student_1040,Female,2013-02-07,1,A,2022-04-01,Roll_1040,Guardian_1040,03101903577,Unpaid,Yes,High
1041,Student_1041,Female,2016-03-09,1,B,2024-05-25,Roll_1041,Guardian_1041,03401134582,Paid,Yes,Average
1042,Student_1042,Male,2016-02-13,1,A,2022-03-15,Roll_1042,Guardian_1042,03298221323,Paid,No,Low
1043,Student_1043,Female,2018-12-05,1,A,2022-03-23,Roll_1043,Guardian_1043,03292097368,Paid,Yes,High
1044,Student_1044,Female,2016-12-17,1,A,2022-11-13,Roll_1044,Guardian_1044,03227097385,Paid,Yes,Average
1045,Student_1045,Female,2018-10-10,1,B,2024-04-23,Roll_1045,Guardian_1045,03459653651,Paid,No,High
1046,Student_1046,Male,2014-04-16,1,A,2022-03-21,Roll_1046,Guardian_1046,03352699780,Paid,Yes,Low
1047,Student_1047,Male,2012-07-02,1,B,2022-02-18,Roll_1047,Guardian_1047,03454352619,Paid,No,Average
1048,Student_1048,Male,2018-09-03,1,B,2023-07-26,Roll_1048,Guardian_1048,03288520142,Unpaid,No,Average
1049,Student_1049,Female,2012-01-02,1,A,2023-06-28,Roll_1049,Guardian_1049,03120539176,Paid,No,High
1050,Student_1050,Female,2014-11-23,1,B,2024-11-13,Roll_1050,Guardian_1050,03162086859,Unpaid,Yes,Average
1051,Student_1051,Female,2010-01-07,1,B,2024-11-30,Roll_1051,Guardian_1051,03389079213,Paid,No,High
1052,Student_1052,Female,2016-12-27,1,B,2023-10-05,Roll_1052,Guardian_1052,03456153436,Paid,No,High
1053,Student_1053,Female,2014-07-07,1,B,2023-08-29,Roll_1053,Guardian_1053,03397647935,Paid,Yes,Average
1054,Student_1054,Female,2017-08-06,1,B,2022-12-23,Roll_1054,Guardian_1054,03430452053,Unpaid,No,Average
1055,Student_1055,Male,2014-10-27,1,A,2023-10-22,Roll_1055,Guardian_1055,03349638633,Unpaid,No,Average
1056,Student_1056,Male,2017-05-22,1,A,2022-06-23,Roll_1056,Guardian_1056,03252356666,Unpaid,Yes,Average
1057,Student_1057,Male,2012-03-26,1,A,2022-10-29,Roll_1057,Guardian_1057,03113113281,Paid,Yes,Average
1058,Student_1058,Male,2015-02-09,1,B,2024-04-28,Roll_1058,Guardian_1058,03438102715,Paid,No,Average
1059,Student_1059,Male,2017-05-11,1,B,2022-01-12,Roll_1059,Guardian_1059,03157223618,Unpaid,Yes,Average
1060,Student_1060,Female,2010-07-25,1,A,2023-05-26,Roll_1060,Guardian_1060,03165153902,Unpaid,Yes,Low
1061,Student_1061,Female,2018-06-21,1,B,2024-06-25,Roll_1061,Guardian_1061,03428915210,Unpaid,No,Average
1062,Student_1062,Female,2015-01-18,1,A,2023-06-15,Roll_1062,Guardian_1062,03232735822,Unpaid,No,Average
1063,Student_1063,Male,2018-01-01,1,A,2023-08-09,Roll_1063,Guardian_1063,03225892782,Unpaid,No,Average
1064,Student_1064,Male,2011-07-21,1,B,2022-11-05,Roll_1064,Guardian_1064,03224157563,Unpaid,Yes,Low
1065,Student_1065,Female,2013-09-17,1,A,2024-08-12,Roll_1065,Guardian_1065,03323217093,Paid,Yes,High
1066,Student_1066,Male,2018-08-02,1,B,2024-02-19,Roll_1066,Guardian_1066,03356076544,Paid,No,Average
1067,Student_1067,Female,2016-01-14,1,B,2023-03-28,Roll_1067,Guardian_1067,03362116207,Paid,No,Low
1068,Student_1068,Female,2013-10-08,1,B,2024-04-08,Roll_1068,Guardian_1068,03488791919,Paid,No,Average
1069,Student_1069,Male,2014-06-02,1,A,2022-02-25,Roll_1069,Guardian_1069,03145068948,Unpaid,Yes,Low
1070,Student_1070,Female,2014-04-02,1,B,2023-11-02,Roll_1070,Guardian_1070,03213634251,Unpaid,No,Average
1071,Student_1071,Female,2012-10-30,2,B,2022-06-17,Roll_1071,Guardian_1071,03352494060,Paid,Yes,Average
1072,Student_1072,Male,2018-10-05,2,B,2022-03-24,Roll_1072,Guardian_1072,03116659103,Paid,Yes,Average
1073,Student_1073,Male,2011-06-02,2,A,2024-08-27,Roll_1073,Guardian_1073,03459412982,Paid,Yes,Average
1074,Student_1074,Female,2011-11-19,2,B,2022-08-23,Roll_1074,Guardian_1074,03187921097,Unpaid,Yes,Average
1075,Student_1075,Female,2014-06-13,2,A,2023-02-11,Roll_1075,Guardian_1075,03140800296,Paid,Yes,Low
1076,Student_1076,Male,2018-12-06,2,B,2022-03-26,Roll_1076,Guardian_1076,03286403601,Unpaid,No,Low
1077,Student_1077,Female,2010-02-21,2,A,2024-05-10,Roll_1077,Guardian_1077,03363175037,Paid,No,Average
1078,Student_1078,Female,2017-12-07,2,B,2022-11-10,Roll_1078,Guardian_1078,03333800381,Paid,No,Average
1079,Student_1079,Female,2013-08-13,2,B,2023-05-18,Roll_1079,Guardian_1079,03146526788,Unpaid,No,Average
1080,Student_1080,Female,2013-10-09,2,A,2022-02-28,Roll_1080,Guardian_1080,03365378780,Unpaid,Yes,Low
1081,Student_1081,Female,2013-10-26,2,B,2023-07-27,Roll_1081,Guardian_1081,03420058281,Unpaid,Yes,Average
1082,Student_1082,Female,2015-06-25,2,A,2023-05-08,Roll_1082,Guardian_1082,03470768067,Unpaid,No,High
1083,Student_1083,Male,2013-04-20,2,B,2023-03-30,Roll_1083,Guardian_1083,03317111200,Paid,No,Low
1084,Student_1084,Female,2014-10-09,2,B,2023-11-09,Roll_1084,Guardian_1084,03288876837,Unpaid,No,Average
1085,Student_1085,Male,2018-02-02,2,B,2023-01-30,Roll_1085,Guardian_1085,03269408512,Paid,Yes,Average
1086,Student_1086,Female,2013-02-06,2,A,2024-12-10,Roll_1086,Guardian_1086,03420399589,Unpaid,Yes,Average
1087,Student_1087,Female,2012-01-05,2,A,2023-09-12,Roll_1087,Guardian_1087,03107595844,Paid,No,Average
1088,Student_1088,Female,2017-10-27,2,A,2022-09-16,Roll_1088,Guardian_1088,03442453662,Unpaid,Yes,Low
1089,Student_1089,Female,2015-05-15,2,A,2024-06-21,Roll_1089,Guardian_1089,03282915107,Paid,Yes,Average
1090,Student_1090,Female,2011-04-13,2,B,2022-05-14,Roll_1090,Guardian_1090,03315128168,Unpaid,Yes,Low
1091,Student_1091,Female,2010-12-15,2,A,2023-05-24,Roll_1091,Guardian_1091,03163593198,Unpaid,Yes,Average
1092,Student_1092,Female,2013-05-02,2,B,2024-05-28,Roll_1092,Guardian_1092,03263949768,Paid,Yes,Average
1093,Student_1093,Female,2017-05-29,2,A,2022-06-16,Roll_1093,Guardian_1093,03184319384,Paid,Yes,Average
1094,Student_1094,Female,2015-01-20,2,A,2024-08-20,Roll_1094,Guardian_1094,03256368642,Paid,Yes,Average
1095,Student_1095,Female,2010-10-19,2,B,2023-04-24,Roll_1095,Guardian_1095,03242031682,Paid,No,Average
1096,Student_1096,Male,2012-12-24,2,A,2022-10-19,Roll_1096,Guardian_1096,03138337865,Paid,Yes,Average
1097,Student_1097,Female,2014-12-04,2,B,2022-09-12,Roll_1097,Guardian_1097,03351630304,Unpaid,No,Average
1098,Student_1098,Female,2014-11-29,2,B,2022-06-14,Roll_1098,Guardian_1098,03421068488,Paid,No,Average
1099,Student_1099,Male,2011-01-10,2,B,2023-04-14,Roll_1099,Guardian_1099,03462011178,Paid,No,Average
1100,Student_1100,Male,2015-04-12,2,A,2024-11-28,Roll_1100,Guardian_1100,03449776495,Unpaid,No,Low
1101,Student_1101,Female,2017-02-13,2,A,2024-10-04,Roll_1101,Guardian_1101,03148985393,Unpaid,No,Low
1102,Student_1102,Male,2011-10-21,2,B,2023-11-07,Roll_1102,Guardian_1102,03321000275,Unpaid,No,Average
1103,Student_1103,Male,2015-02-06,2,B,2022-06-30,Roll_1103,Guardian_1103,03268855112,Unpaid,No,Low
1104,Student_1104,Female,2015-10-09,2,A,2022-01-03,Roll_1104,Guardian_1104,03453078729,Unpaid,No,Low
1105,Student_1105,Female,2016-12-25,2,A,2024-10-17,Roll_1105,Guardian_1105,03435763762,Unpaid,Yes,Average
1106,Student_1106,Male,2013-03-25,2,A,2024-06-16,Roll_1106,Guardian_1106,03474870130,Unpaid,Yes,Average
1107,Student_1107,Male,2017-12-17,2,A,2022-11-21,Roll_1107,Guardian_1107,03266832711,Paid,No,Low
1108,Student_1108,Male,2015-03-06,2,A,2022-08-29,Roll_1108,Guardian_1108,03447736490,Paid,No,Average
1109,Student_1109,Female,2014-08-29,2,B,2024-09-15,Roll_1109,Guardian_1109,03353521065,Paid,No,Average
1110,Student_1110,Male,2010-10-13,2,A,2023-07-20,Roll_1110,Guardian_1110,03322770516,Unpaid,No,Average
1111,Student_1111,Female,2016-08-01,2,A,2024-09-29,Roll_1111,Guardian_1111,03179776556,Unpaid,No,Average
1112,Student_1112,Female,2015-02-09,2,B,2023-10-22,Roll_1112,Guardian_1112,03201281970,Paid,No,Average
1113,Student_1113,Female,2010-06-28,2,A,2023-10-14,Roll_1113,Guardian_1113,03499810534,Unpaid,No,Low
1114,Student_1114,Male,2015-07-22,2,B,2022-03-17,Roll_1114,Guardian_1114,03167777949,Unpaid,Yes,Low
1115,Student_1115,Female,2010-03-04,2,B,2022-10-23,Roll_1115,Guardian_1115,03320105593,Paid,Yes,High
1116,Student_1116,Female,2013-10-18,2,B,2024-03-25,Roll_1116,Guardian_1116,03448878398,Paid,No,Low
1117,Student_1117,Female,2016-01-26,2,B,2022-03-15,Roll_1117,Guardian_1117,03431496025,Paid,Yes,Low
1118,Student_1118,Male,2014-11-13,2,B,2022-07-21,Roll_1118,Guardian_1118,03440240773,Paid,No,Low
1119,Student_1119,Male,2010-07-08,2,A,2023-10-27,Roll_1119,Guardian_1119,03130128780,Unpaid,No,Average
1120,Student_1120,Male,2015-12-16,2,B,2024-04-23,Roll_1120,Guardian_1120,03403830315,Paid,Yes,Average
1121,Student_1121,Female,2016-12-13,2,A,2023-05-09,Roll_1121,Guardian_1121,03367183069,Paid,Yes,High
1122,Student_1122,Female,2012-11-11,2,B,2022-01-20,Roll_1122,Guardian_1122,03349780938,Unpaid,Yes,Average
1123,Student_1123,Female,2016-08-03,2,A,2023-09-05,Roll_1123,Guardian_1123,03443027603,Unpaid,No,Average
1124,Student_1124,Male,2014-04-25,2,B,2024-09-16,Roll_1124,Guardian_1124,03157259039,Paid,No,Low
1125,Student_1125,Female,2010-03-31,2,B,2024-03-21,Roll_1125,Guardian_1125,03247360534,Paid,Yes,Average
1126,Student_1126,Female,2018-09-13,2,B,2023-04-17,Roll_1126,Guardian_1126,03425915537,Unpaid,Yes,Low
1127,Student_1127,Male,2017-01-17,2,A,2022-07-18,Roll_1127,Guardian_1127,03436864007,Paid,No,Average
1128,Student_1128,Female,2018-03-19,2,B,2022-09-27,Roll_1128,Guardian_1128,03148389986,Unpaid,No,High
1129,Student_1129,Male,2018-10-27,2,B,2024-01-20,Roll_1129,Guardian_1129,03384999199,Unpaid,Yes,Average
1130,Student_1130,Female,2013-04-23,2,B,2023-11-25,Roll_1130,Guardian_1130,03161831266,Unpaid,Yes,Low
1131,Student_1131,Female,2016-04-01,3,A,2024-01-20,Roll_1131,Guardian_1131,03148480985,Unpaid,Yes,Low
1132,Student_1132,Female,2014-02-18,3,B,2023-06-21,Roll_1132,Guardian_1132,03413833311,Unpaid,No,Average
1133,Student_1133,Female,2010-04-13,3,A,2023-11-03,Roll_1133,Guardian_1133,03427535387,Paid,Yes,Average
1134,Student_1134,Female,2017-04-13,3,B,2024-04-16,Roll_1134,Guardian_1134,03162639917,Paid,Yes,Low
1135,Student_1135,Female,2011-04-21,3,A,2022-07-19,Roll_1135,Guardian_1135,03226057305,Paid,No,Average
1136,Student_1136,Female,2016-08-02,3,B,2022-11-13,Roll_1136,Guardian_1136,03322739435,Paid,No,Average
1137,Student_1137,Female,2010-05-15,3,B,2024-01-29,Roll_1137,Guardian_1137,03216645773,Unpaid,No,Low
1138,Student_1138,Male,2017-09-09,3,A,2024-01-23,Roll_1138,Guardian_1138,03392307880,Unpaid,Yes,Low
1139,Student_1139,Male,2015-02-06,3,B,2022-07-07,Roll_1139,Guardian_1139,03455821257,Paid,Yes,Average
1140,Student_1140,Male,2011-05-31,3,A,2023-02-25,Roll_1140,Guardian_1140,03136834794,Paid,Yes,Low
1141,Student_1141,Male,2018-11-05,3,A,2022-01-06,Roll_1141,Guardian_1141,03248860798,Paid,Yes,Average
1142,Student_1142,Male,2017-05-31,3,B,2022-02-22,Roll_1142,Guardian_1142,03170761320,Paid,No,Low
1143,Student_1143,Male,2011-12-15,3,A,2023-06-28,Roll_1143,Guardian_1143,03128131510,Paid,No,Average
1144,Student_1144,Female,2015-01-11,3,A,2024-01-12,Roll_1144,Guardian_1144,03375542528,Paid,No,Average
1145,Student_1145,Male,2018-02-26,3,A,2024-12-03,Roll_1145,Guardian_1145,03261936551,Unpaid,Yes,Low
1146,Student_1146,Female,2014-10-13,3,A,2022-08-10,Roll_1146,Guardian_1146,03363211084,Unpaid,Yes,Low
1147,Student_1147,Male,2010-09-27,3,A,2022-09-16,Roll_1147,Guardian_1147,03247648089,Unpaid,No,Average
1148,Student_1148,Female,2011-02-11,3,B,2022-08-23,Roll_1148,Guardian_1148,03451496342,Paid,No,Average
1149,Student_1149,Female,2013-10-20,3,B,2024-07-17,Roll_1149,Guardian_1149,03314066637,Unpaid,Yes,Low
1150,Student_1150,Female,2014-03-14,3,B,2022-11-09,Roll_1150,Guardian_1150,03468734232,Unpaid,Yes,Average
1151,Student_1151,Male,2014-11-04,3,A,2022-07-17,Roll_1151,Guardian_1151,03499748157,Unpaid,Yes,Low
1152,Student_1152,Female,2017-07-07,3,A,2022-09-08,Roll_1152,Guardian_1152,03320551207,Unpaid,No,Average
1153,Student_1153,Female,2013-12-11,3,A,2022-08-01,Roll_1153,Guardian_1153,03410267641,Paid,Yes,Low
1154,Student_1154,Male,2013-12-05,3,B,2024-01-23,Roll_1154,Guardian_1154,03161678583,Unpaid,Yes,Average
1155,Student_1155,Male,2016-10-30,3,B,2023-07-02,Roll_1155,Guardian_1155,03115544122,Paid,No,Low
1156,Student_1156,Female,2010-01-26,3,B,2023-01-07,Roll_1156,Guardian_1156,03176907558,Unpaid,Yes,Low
1157,Student_1157,Male,2011-01-11,3,A,2024-12-22,Roll_1157,Guardian_1157,03215498586,Unpaid,No,Average
1158,Student_1158,Female,2013-06-30,3,B,2023-10-27,Roll_1158,Guardian_1158,03404724469,Paid,Yes,Average
1159,Student_1159,Male,2017-07-23,3,A,2022-06-17,Roll_1159,Guardian_1159,03246084101,Unpaid,No,Average
1160,Student_1160,Female,2013-01-23,3,B,2023-03-18,Roll_1160,Guardian_1160,03375063830,Paid,No,Average
1161,Student_1161,Female,2015-11-29,3,B,2023-09-24,Roll_1161,Guardian_1161,03124383261,Paid,No,High
1162,Student_1162,Female,2012-05-15,3,A,2022-10-09,Roll_1162,Guardian_1162,03237180991,Unpaid,No,High
1163,Student_1163,Female,2011-12-21,3,A,2022-09-22,Roll_1163,Guardian_1163,03304122316,Paid,No,High
1164,Student_1164,Male,2014-11-22,3,A,2022-02-08,Roll_1164,Guardian_1164,03346828682,Paid,No,Average
1165,Student_1165,Female,2013-03-31,3,B,2022-08-24,Roll_1165,Guardian_1165,03317450064,Paid,No,Average
1166,Student_1166,Female,2017-09-25,3,A,2024-01-12,Roll_1166,Guardian_1166,03147314370,Unpaid,Yes,Low
1167,Student_1167,Female,2015-11-17,3,A,2022-06-11,Roll_1167,Guardian_1167,03312475625,Unpaid,No,Average
1168,Student_1168,Male,2010-11-09,3,A,2024-11-11,Roll_1168,Guardian_1168,03439959904,Paid,Yes,Average
1169,Student_1169,Male,2012-08-25,3,B,2022-07-30,Roll_1169,Guardian_1169,03178621642,Unpaid,Yes,Average
1170,Student_1170,Male,2011-12-27,3,A,2024-10-08,Roll_1170,Guardian_1170,03349082907,Unpaid,No,Average
1171,Student_1171,Male,2015-04-05,3,B,2024-06-24,Roll_1171,Guardian_1171,03438972304,Unpaid,No,Average
1172,Student_1172,Male,2013-06-25,3,A,2024-08-03,Roll_1172,Guardian_1172,03342619410,Paid,Yes,Average
1173,Student_1173,Male,2017-03-25,3,B,2022-07-04,Roll_1173,Guardian_1173,03430180112,Unpaid,No,Low
1174,Student_1174,Male,2013-08-09,3,A,2024-09-01,Roll_1174,Guardian_1174,03369169522,Paid,Yes,Average
1175,Student_1175,Female,2018-01-04,3,B,2022-06-22,Roll_1175,Guardian_1175,03370877683,Paid,Yes,High
1176,Student_1176,Female,2015-11-17,3,A,2024-12-06,Roll_1176,Guardian_1176,03427386786,Paid,No,Average
1177,Student_1177,Female,2014-08-02,3,B,2023-11-24,Roll_1177,Guardian_1177,03464480437,Paid,No,Low
1178,Student_1178,Female,2013-03-09,3,A,2023-06-01,Roll_1178,Guardian_1178,03488551545,Paid,No,Average
1179,Student_1179,Male,2013-12-03,3,A,2023-09-28,Roll_1179,Guardian_1179,03452216694,Unpaid,Yes,Average
1180,Student_1180,Female,2017-03-20,3,A,2023-11-04,Roll_1180,Guardian_1180,03168608752,Paid,No,Average
1181,Student_1181,Female,2012-01-09,3,B,2023-03-15,Roll_1181,Guardian_1181,03283466155,Unpaid,Yes,High
1182,Student_1182,Male,2010-11-13,3,A,2023-08-29,Roll_1182,Guardian_1182,03154299533,Paid,No,Low
1183,Student_1183,Male,2011-10-27,3,A,2023-01-06,Roll_1183,Guardian_1183,03471968670,Paid,No,Average
1184,Student_1184,Male,2014-12-25,3,A,2023-08-07,Roll_1184,Guardian_1184,03341016365,Paid,Yes,Average
1185,Student_1185,Male,2014-02-15,4,B,2024-06-21,Roll_1185,Guardian_1185,03347862548,Unpaid,No,Low
1186,Student_1186,Male,2018-12-26,4,B,2022-10-11,Roll_1186,Guardian_1186,03234219454,Paid,No,Low
1187,Student_1187,Male,2017-12-23,4,B,2024-11-22,Roll_1187,Guardian_1187,03166935868,Unpaid,Yes,Average
1188,Student_1188,Male,2014-11-27,4,A,2022-07-07,Roll_1188,Guardian_1188,03219205747,Unpaid,No,Average
1189,Student_1189,Female,2015-08-19,4,A,2024-02-05,Roll_1189,Guardian_1189,03226582388,Unpaid,Yes,Average
1190,Student_1190,Female,2011-02-10,4,B,2023-11-18,Roll_1190,Guardian_1190,03178409624,Paid,Yes,Average
1191,Student_1191,Female,2017-10-22,4,B,2022-10-12,Roll_1191,Guardian_1191,03478781849,Unpaid,No,Low
1192,Student_1192,Male,2012-11-14,4,A,2023-03-18,Roll_1192,Guardian_1192,03180272735,Unpaid,Yes,Low
1193,Student_1193,Male,2010-07-15,4,B,2023-05-04,Roll_1193,Guardian_1193,03325392121,Unpaid,Yes,Average
1194,Student_1194,Female,2016-09-10,4,A,2022-02-03,Roll_1194,Guardian_1194,03439278225,Paid,Yes,Low
1195,Student_1195,Female,2012-09-12,4,B,2024-05-03,Roll_1195,Guardian_1195,03200563388,Paid,No,Average
1196,Student_1196,Male,2014-05-19,4,A,2024-08-20,Roll_1196,Guardian_1196,03123372367,Unpaid,No,Low
1197,Student_1197,Female,2018-11-04,4,B,2022-05-19,Roll_1197,Guardian_1197,03285114431,Paid,Yes,Average
1198,Student_1198,Female,2016-02-15,4,B,2023-11-25,Roll_1198,Guardian_1198,03445098270,Paid,No,High
1199,Student_1199,Male,2010-09-16,4,B,2024-07-26,Roll_1199,Guardian_1199,03119855522,Unpaid,Yes,Average
1200,Student_1200,Male,2013-07-16,4,A,2023-09-28,Roll_1200,Guardian_1200,03376694456,Unpaid,No,Low
1201,Student_1201,Male,2013-03-17,4,B,2024-01-02,Roll_1201,Guardian_1201,03125664592,Unpaid,No,High
1202,Student_1202,Female,2014-06-27,4,A,2024-06-19,Roll_1202,Guardian_1202,03307578330,Unpaid,Yes,Low
1203,Student_1203,Female,2018-12-10,4,B,2024-11-29,Roll_1203,Guardian_1203,03243194581,Paid,No,Average
1204,Student_1204,Male,2016-02-13,4,A,2023-08-25,Roll_1204,Guardian_1204,03272449074,Paid,Yes,Average
1205,Student_1205,Female,2015-01-01,4,B,2024-05-22,Roll_1205,Guardian_1205,03189466728,Unpaid,No,Average
1206,Student_1206,Female,2016-11-23,4,B,2024-06-09,Roll_1206,Guardian_1206,03247400786,Paid,Yes,High
1207,Student_1207,Male,2010-05-08,4,B,2022-10-20,Roll_1207,Guardian_1207,03426188217,Unpaid,Yes,Average
1208,Student_1208,Female,2014-01-23,4,A,2024-02-24,Roll_1208,Guardian_1208,03404537151,Paid,Yes,High
1209,Student_1209,Female,2014-12-24,4,B,2022-06-07,Roll_1209,Guardian_1209,03408121909,Paid,No,Low
1210,Student_1210,Female,2012-10-19,4,B,2022-08-21,Roll_1210,Guardian_1210,03113912117,Paid,No,Average
1211,Student_1211,Male,2012-12-08,4,B,2023-06-18,Roll_1211,Guardian_1211,03477977423,Unpaid,Yes,Low
1212,Student_1212,Female,2012-03-30,4,B,2022-09-09,Roll_1212,Guardian_1212,03172868638,Paid,No,Average
1213,Student_1213,Female,2010-12-26,4,A,2023-10-17,Roll_1213,Guardian_1213,03458543756,Unpaid,Yes,Low
1214,Student_1214,Male,2017-12-25,4,B,2022-12-23,Roll_1214,Guardian_1214,03294074636,Paid,Yes,Low
1215,Student_1215,Male,2018-11-12,4,A,2024-10-08,Roll_1215,Guardian_1215,03114111130,Unpaid,No,Low
1216,Student_1216,Male,2016-11-11,4,B,2022-06-26,Roll_1216,Guardian_1216,03135298247,Unpaid,No,Low
1217,Student_1217,Female,2016-06-12,4,B,2022-06-01,Roll_1217,Guardian_1217,03167284302,Unpaid,Yes,Average
1218,Student_1218,Female,2011-06-10,4,B,2023-01-08,Roll_1218,Guardian_1218,03169274043,Unpaid,Yes,Average
1219,Student_1219,Female,2011-11-06,4,A,2022-11-28,Roll_1219,Guardian_1219,03273227168,Paid,No,Average
1220,Student_1220,Female,2012-03-15,4,B,2023-07-17,Roll_1220,Guardian_1220,03167200288,Unpaid,Yes,Low
1221,Student_1221,Male,2011-12-03,4,A,2023-11-23,Roll_1221,Guardian_1221,03402590128,Paid,Yes,Average
1222,Student_1222,Female,2017-04-21,4,A,2023-03-08,Roll_1222,Guardian_1222,03407163822,Unpaid,Yes,High
1223,Student_1223,Female,2017-03-14,4,B,2023-09-11,Roll_1223,Guardian_1223,03359279025,Paid,No,Low
1224,Student_1224,Male,2011-10-10,4,B,2024-06-19,Roll_1224,Guardian_1224,03323135225,Unpaid,No,Average
1225,Student_1225,Male,2013-07-04,4,A,2023-10-16,Roll_1225,Guardian_1225,03494170489,Unpaid,No,Average
1226,Student_1226,Male,2013-07-31,4,A,2023-05-11,Roll_1226,Guardian_1226,03350435553,Paid,No,Low
1227,Student_1227,Male,2010-07-27,4,B,2023-08-18,Roll_1227,Guardian_1227,03306238868,Unpaid,Yes,Average
1228,Student_1228,Female,2012-02-17,4,A,2022-11-23,Roll_1228,Guardian_1228,03367504272,Unpaid,No,Low
1229,Student_1229,Male,2014-05-30,4,B,2024-11-01,Roll_1229,Guardian_1229,03345473829,Paid,Yes,Average
1230,Student_1230,Female,2015-07-21,4,B,2024-08-21,Roll_1230,Guardian_1230,03253409995,Paid,Yes,High
1231,Student_1231,Female,2018-02-27,4,B,2024-01-20,Roll_1231,Guardian_1231,03316495383,Unpaid,Yes,High
1232,Student_1232,Male,2014-01-24,4,B,2023-08-15,Roll_1232,Guardian_1232,03139477056,Unpaid,No,High
1233,Student_1233,Male,2011-06-12,4,B,2022-07-18,Roll_1233,Guardian_1233,03311475447,Unpaid,No,Low
1234,Student_1234,Male,2016-10-03,4,B,2024-11-08,Roll_1234,Guardian_1234,03315493049,Paid,Yes,Low
1235,Student_1235,Female,2015-04-25,4,A,2024-11-29,Roll_1235,Guardian_1235,03345343866,Paid,Yes,High
1236,Student_1236,Female,2011-10-28,4,B,2024-03-15,Roll_1236,Guardian_1236,03430981179,Unpaid,No,Low
1237,Student_1237,Female,2015-04-30,4,B,2022-02-04,Roll_1237,Guardian_1237,03297760592,Unpaid,Yes,Average
1238,Student_1238,Male,2016-09-10,4,B,2024-08-29,Roll_1238,Guardian_1238,03242555565,Paid,Yes,Average
1239,Student_1239,Female,2011-08-29,4,B,2023-05-12,Roll_1239,Guardian_1239,03116949288,Paid,Yes,Average
1240,Student_1240,Female,2011-09-13,4,A,2024-04-25,Roll_1240,Guardian_1240,03470709507,Paid,No,Average
1241,Student_1241,Male,2017-11-30,4,B,2022-10-10,Roll_1241,Guardian_1241,03378465928,Paid,No,Low
1242,Student_1242,Female,2011-12-11,4,B,2024-07-30,Roll_1242,Guardian_1242,03386220412,Unpaid,No,Average
1243,Student_1243,Male,2012-10-06,4,B,2023-07-26,Roll_1243,Guardian_1243,03399620489,Unpaid,Yes,Average
1244,Student_1244,Female,2013-07-22,5,B,2024-09-09,Roll_1244,Guardian_1244,03287262279,Unpaid,No,Average
1245,Student_1245,Female,2014-06-05,5,A,2023-12-08,Roll_1245,Guardian_1245,03178638770,Unpaid,Yes,Average
1246,Student_1246,Male,2013-11-19,5,B,2024-06-24,Roll_1246,Guardian_1246,03452172315,Unpaid,No,Low
1247,Student_1247,Female,2016-04-21,5,A,2023-07-11,Roll_1247,Guardian_1247,03173697858,Paid,Yes,Average
1248,Student_1248,Male,2017-02-26,5,A,2023-04-22,Roll_1248,Guardian_1248,03128180948,Paid,No,High
1249,Student_1249,Male,2017-08-22,5,B,2022-10-09,Roll_1249,Guardian_1249,03102781764,Paid,No,Average
1250,Student_1250,Male,2018-06-24,5,B,2023-08-12,Roll_1250,Guardian_1250,03272425598,Unpaid,Yes,Average
1251,Student_1251,Male,2016-01-01,5,A,2022-03-18,Roll_1251,Guardian_1251,03193987187,Unpaid,Yes,Average
1252,Student_1252,Female,2018-11-02,5,A,2024-10-11,Roll_1252,Guardian_1252,03200025292,Unpaid,Yes,Low
1253,Student_1253,Male,2013-10-04,5,A,2023-08-06,Roll_1253,Guardian_1253,03343926800,Unpaid,Yes,Average
1254,Student_1254,Male,2013-09-16,5,B,2022-11-29,Roll_1254,Guardian_1254,03492516648,Unpaid,No,Average
1255,Student_1255,Female,2018-11-13,5,A,2023-08-28,Roll_1255,Guardian_1255,03404825222,Paid,Yes,High
1256,Student_1256,Female,2010-12-22,5,B,2024-03-31,Roll_1256,Guardian_1256,03459304002,Paid,Yes,Low
1257,Student_1257,Male,2010-01-28,5,A,2023-06-19,Roll_1257,Guardian_1257,03305929934,Paid,No,Average
1258,Student_1258,Female,2016-07-13,5,B,2022-01-24,Roll_1258,Guardian_1258,03240420279,Unpaid,Yes,Low
1259,Student_1259,Female,2013-06-10,5,A,2022-11-24,Roll_1259,Guardian_1259,03317656384,Unpaid,Yes,Average
1260,Student_1260,Male,2012-06-16,5,B,2022-10-01,Roll_1260,Guardian_1260,03356721952,Paid,No,Average
1261,Student_1261,Female,2018-06-30,5,B,2023-03-24,Roll_1261,Guardian_1261,03232856990,Paid,No,Average
1262,Student_1262,Male,2010-09-10,5,B,2024-11-01,Roll_1262,Guardian_1262,03208532094,Paid,Yes,High
1263,Student_1263,Female,2011-04-22,5,B,2023-02-25,Roll_1263,Guardian_1263,03484892401,Unpaid,Yes,Low
1264,Student_1264,Female,2011-06-25,5,B,2024-11-17,Roll_1264,Guardian_1264,03323029369,Unpaid,Yes,Low
1265,Student_1265,Female,2018-02-10,5,B,2022-02-14,Roll_1265,Guardian_1265,03312573345,Unpaid,Yes,Average
1266,Student_1266,Male,2014-10-02,5,A,2023-12-07,Roll_1266,Guardian_1266,03476016270,Paid,Yes,Average
1267,Student_1267,Female,2010-05-10,5,A,2023-08-11,Roll_1267,Guardian_1267,03319508765,Paid,Yes,Low
1268,Student_1268,Female,2015-01-12,5,B,2024-02-13,Roll_1268,Guardian_1268,03301673162,Paid,Yes,Average
1269,Student_1269,Female,2015-12-07,5,B,2022-09-18,Roll_1269,Guardian_1269,03490765860,Paid,Yes,High
1270,Student_1270,Female,2017-07-21,5,A,2024-05-18,Roll_1270,Guardian_1270,03385579683,Unpaid,Yes,Low
1271,Student_1271,Male,2013-02-03,5,A,2023-01-22,Roll_1271,Guardian_1271,03489244267,Paid,Yes,Average
1272,Student_1272,Male,2012-09-12,5,B,2023-02-27,Roll_1272,Guardian_1272,03136126530,Paid,Yes,Average
1273,Student_1273,Male,2012-09-29,5,B,2022-04-01,Roll_1273,Guardian_1273,03315964564,Unpaid,Yes,Average
1274,Student_1274,Male,2011-07-28,5,A,2024-10-28,Roll_1274,Guardian_1274,03255297134,Paid,No,Low
1275,Student_1275,Male,2017-05-28,5,B,2024-12-03,Roll_1275,Guardian_1275,03218671419,Unpaid,No,Average
1276,Student_1276,Male,2017-01-08,5,B,2024-05-24,Roll_1276,Guardian_1276,03398420054,Unpaid,Yes,High
1277,Student_1277,Female,2018-10-24,5,B,2024-12-10,Roll_1277,Guardian_1277,03271119259,Unpaid,No,Low
1278,Student_1278,Male,2018-06-18,5,A,2024-08-27,Roll_1278,Guardian_1278,03229368809,Paid,No,Average
1279,Student_1279,Male,2016-04-22,5,A,2024-04-25,Roll_1279,Guardian_1279,03323610957,Paid,No,Low
1280,Student_1280,Female,2017-04-02,5,A,2022-06-11,Roll_1280,Guardian_1280,03341477460,Unpaid,Yes,Average
1281,Student_1281,Female,2017-07-22,5,A,2022-03-22,Roll_1281,Guardian_1281,03139075791,Paid,Yes,High
1282,Student_1282,Female,2013-05-26,5,B,2022-02-01,Roll_1282,Guardian_1282,03213713431,Paid,Yes,Average
1283,Student_1283,Male,2014-06-13,5,B,2023-05-06,Roll_1283,Guardian_1283,03396395315,Unpaid,No,Low
1284,Student_1284,Female,2013-06-17,5,B,2023-06-20,Roll_1284,Guardian_1284,03293082733,Unpaid,No,Average
1285,Student_1285,Female,2018-07-17,5,A,2023-10-18,Roll_1285,Guardian_1285,03209053240,Unpaid,No,Low
1286,Student_1286,Male,2018-04-25,5,B,2022-10-26,Roll_1286,Guardian_1286,03108707993,Unpaid,No,High
1287,Student_1287,Female,2012-07-31,5,B,2024-02-17,Roll_1287,Guardian_1287,03405903415,Paid,No,Average
1288,Student_1288,Female,2018-02-11,5,B,2024-10-01,Roll_1288,Guardian_1288,03347405685,Paid,No,Average
1289,Student_1289,Female,2012-01-24,5,A,2022-05-01,Roll_1289,Guardian_1289,03381290517,Paid,Yes,High
1290,Student_1290,Female,2011-07-18,5,A,2023-04-19,Roll_1290,Guardian_1290,03136490009,Paid,Yes,Low
1291,Student_1291,Female,2010-09-05,5,A,2024-09-16,Roll_1291,Guardian_1291,03453950584,Unpaid,Yes,Average
1292,Student_1292,Female,2010-02-18,5,A,2022-02-04,Roll_1292,Guardian_1292,03384228932,Unpaid,No,Average
1293,Student_1293,Female,2012-01-05,5,A,2022-08-08,Roll_1293,Guardian_1293,03151708125,Paid,Yes,Average
1294,Student_1294,Female,2013-12-22,5,A,2023-07-02,Roll_1294,Guardian_1294,03313082144,Paid,No,Average
1295,Student_1295,Male,2017-10-26,5,B,2023-04-08,Roll_1295,Guardian_1295,03261047658,Paid,Yes,Average
1296,Student_1296,Female,2016-03-13,5,A,2024-09-01,Roll_1296,Guardian_1296,03130126477,Paid,Yes,Average
1297,Student_1297,Female,2017-03-26,5,A,2023-11-10,Roll_1297,Guardian_1297,03403791962,Paid,Yes,Average
1298,Student_1298,Female,2013-01-15,5,A,2022-04-06,Roll_1298,Guardian_1298,03139915310,Unpaid,Yes,Average
1299,Student_1299,Female,2010-03-06,5,A,2023-03-01,Roll_1299,Guardian_1299,03415162611,Paid,No,Low
1300,Student_1300,Male,2016-05-10,5,A,2024-03-07,Roll_1300,Guardian_1300,03463480379,Unpaid,No,Average
1301,Student_1301,Male,2015-08-14,5,A,2023-12-10,Roll_1301,Guardian_1301,03128828053,Paid,No,Low
1302,Student_1302,Female,2016-10-14,5,A,2024-03-23,Roll_1302,Guardian_1302,03275222129,Paid,No,Low
1303,Student_1303,Female,2014-11-04,6,B,2023-01-16,Roll_1303,Guardian_1303,03464908399,Unpaid,Yes,Average
1304,Student_1304,Male,2010-12-03,6,B,2023-07-03,Roll_1304,Guardian_1304,03182796748,Unpaid,Yes,Low
1305,Student_1305,Male,2011-01-10,6,B,2022-01-11,Roll_1305,Guardian_1305,03265499831,Unpaid,No,Average
1306,Student_1306,Male,2012-02-07,6,B,2024-06-01,Roll_1306,Guardian_1306,03340971114,Unpaid,Yes,High
1307,Student_1307,Male,2016-09-11,6,A,2023-10-27,Roll_1307,Guardian_1307,03306823035,Paid,No,High
1308,Student_1308,Male,2018-02-16,6,B,2023-05-13,Roll_1308,Guardian_1308,03407068916,Paid,No,Average
1309,Student_1309,Female,2013-01-04,6,A,2024-10-06,Roll_1309,Guardian_1309,03178348163,Paid,Yes,High
1310,Student_1310,Female,2015-06-07,6,B,2022-06-07,Roll_1310,Guardian_1310,03293877463,Unpaid,Yes,Average
1311,Student_1311,Male,2015-02-19,6,B,2022-08-08,Roll_1311,Guardian_1311,03172740387,Unpaid,Yes,Average
1312,Student_1312,Female,2013-09-11,6,B,2024-06-20,Roll_1312,Guardian_1312,03279710140,Unpaid,Yes,Average
1313,Student_1313,Male,2015-05-17,6,B,2023-10-06,Roll_1313,Guardian_1313,03195368282,Unpaid,No,Average
1314,Student_1314,Female,2016-06-16,6,B,2023-05-12,Roll_1314,Guardian_1314,03274958842,Unpaid,No,Average
1315,Student_1315,Male,2016-08-22,6,B,2023-01-04,Roll_1315,Guardian_1315,03465991683,Paid,No,Average
1316,Student_1316,Female,2017-10-08,6,A,2022-05-22,Roll_1316,Guardian_1316,03319656218,Unpaid,Yes,Average
1317,Student_1317,Male,2018-01-08,6,B,2024-05-16,Roll_1317,Guardian_1317,03302395405,Paid,No,Average
1318,Student_1318,Female,2016-02-05,6,B,2022-03-17,Roll_1318,Guardian_1318,03293020925,Paid,Yes,Average
1319,Student_1319,Female,2011-11-13,6,A,2022-04-01,Roll_1319,Guardian_1319,03402376588,Unpaid,No,Average
1320,Student_1320,Male,2012-11-25,6,B,2023-03-31,Roll_1320,Guardian_1320,03374167216,Paid,No,High
1321,Student_1321,Male,2013-11-13,6,B,2022-02-20,Roll_1321,Guardian_1321,03359185754,Paid,No,Average
1322,Student_1322,Male,2011-04-21,6,B,2022-10-18,Roll_1322,Guardian_1322,03287007520,Unpaid,No,Low
1323,Student_1323,Female,2013-11-27,6,B,2024-09-02,Roll_1323,Guardian_1323,03152410967,Unpaid,No,Low
1324,Student_1324,Male,2017-12-21,6,B,2022-08-24,Roll_1324,Guardian_1324,03112125289,Unpaid,Yes,High
1325,Student_1325,Male,2015-10-15,6,A,2022-12-24,Roll_1325,Guardian_1325,03396304583,Paid,No,Low
1326,Student_1326,Male,2018-12-12,6,B,2024-04-09,Roll_1326,Guardian_1326,03438099996,Paid,Yes,Low
1327,Student_1327,Male,2015-01-16,6,B,2024-05-29,Roll_1327,Guardian_1327,03308754622,Paid,Yes,Average
1328,Student_1328,Male,2016-06-22,6,A,2022-07-28,Roll_1328,Guardian_1328,03388240093,Paid,No,Average
1329,Student_1329,Male,2012-12-10,6,B,2024-09-29,Roll_1329,Guardian_1329,03383314840,Unpaid,No,Average
1330,Student_1330,Female,2013-12-12,6,B,2024-07-26,Roll_1330,Guardian_1330,03431444064,Paid,No,Average
1331,Student_1331,Female,2011-04-28,6,A,2023-05-04,Roll_1331,Guardian_1331,03263949642,Paid,Yes,Average
1332,Student_1332,Female,2014-09-10,6,B,2022-10-10,Roll_1332,Guardian_1332,03408596644,Unpaid,No,Average
1333,Student_1333,Male,2016-03-22,6,A,2022-12-08,Roll_1333,Guardian_1333,03362874563,Unpaid,Yes,Average
1334,Student_1334,Female,2016-12-12,6,A,2022-04-20,Roll_1334,Guardian_1334,03292757686,Paid,No,Average
1335,Student_1335,Female,2016-04-19,6,A,2024-11-01,Roll_1335,Guardian_1335,03450614159,Unpaid,No,Average
1336,Student_1336,Female,2015-06-25,6,B,2022-12-09,Roll_1336,Guardian_1336,03144383454,Paid,Yes,Average
1337,Student_1337,Male,2016-01-12,6,B,2023-08-15,Roll_1337,Guardian_1337,03190306504,Unpaid,No,High
1338,Student_1338,Female,2018-09-10,6,A,2024-01-22,Roll_1338,Guardian_1338,03391007320,Paid,No,Average
1339,Student_1339,Male,2018-04-03,6,A,2023-05-22,Roll_1339,Guardian_1339,03259831265,Paid,No,Low
1340,Student_1340,Male,2014-12-04,6,B,2022-08-29,Roll_1340,Guardian_1340,03227209446,Paid,No,Average
1341,Student_1341,Male,2018-10-20,6,B,2023-02-28,Roll_1341,Guardian_1341,03211101526,Paid,No,Average
1342,Student_1342,Male,2013-08-18,6,B,2023-08-23,Roll_1342,Guardian_1342,03255334600,Unpaid,Yes,Average
1343,Student_1343,Female,2010-08-31,6,A,2023-07-22,Roll_1343,Guardian_1343,03452131633,Paid,Yes,Low
1344,Student_1344,Female,2012-10-10,6,A,2024-03-15,Roll_1344,Guardian_1344,03362776155,Paid,No,High
1345,Student_1345,Male,2017-02-08,6,B,2022-07-10,Roll_1345,Guardian_1345,03316278862,Unpaid,No,Average
1346,Student_1346,Female,2016-07-11,6,B,2022-01-06,Roll_1346,Guardian_1346,03493378216,Paid,No,Low
1347,Student_1347,Female,2012-06-11,6,B,2024-05-29,Roll_1347,Guardian_1347,03213736889,Unpaid,No,Low
1348,Student_1348,Female,2016-02-20,6,B,2022-09-25,Roll_1348,Guardian_1348,03403945228,Unpaid,No,Low
1349,Student_1349,Female,2010-03-08,6,A,2022-09-12,Roll_1349,Guardian_1349,03184816755,Unpaid,No,High
1350,Student_1350,Female,2012-04-08,6,A,2022-09-28,Roll_1350,Guardian_1350,03448964589,Unpaid,Yes,Low
1351,Student_1351,Female,2012-10-22,6,B,2022-06-18,Roll_1351,Guardian_1351,03299632103,Paid,Yes,High
1352,Student_1352,Male,2014-10-25,6,B,2022-07-06,Roll_1352,Guardian_1352,03477795011,Paid,Yes,Average
1353,Student_1353,Male,2016-08-28,6,A,2023-04-09,Roll_1353,Guardian_1353,03378874510,Unpaid,Yes,Average
1354,Student_1354,Male,2014-09-26,6,A,2022-09-28,Roll_1354,Guardian_1354,03356463365,Paid,Yes,Average
1355,Student_1355,Male,2011-02-27,6,B,2023-10-04,Roll_1355,Guardian_1355,03297333176,Unpaid,Yes,High
1356,Student_1356,Male,2017-03-12,6,B,2022-10-20,Roll_1356,Guardian_1356,03136728201,Paid,Yes,Low
1357,Student_1357,Male,2017-01-16,6,B,2022-11-07,Roll_1357,Guardian_1357,03321035066,Unpaid,Yes,Average
1358,Student_1358,Male,2018-06-10,6,A,2022-09-10,Roll_1358,Guardian_1358,03416525084,Unpaid,No,Low
1359,Student_1359,Male,2012-10-11,6,B,2023-07-22,Roll_1359,Guardian_1359,03446078035,Paid,Yes,Average
1360,Student_1360,Male,2017-05-20,6,B,2023-09-10,Roll_1360,Guardian_1360,03210297830,Paid,No,Low
1361,Student_1361,Male,2015-07-21,6,B,2024-03-01,Roll_1361,Guardian_1361,03160528792,Paid,No,Average
1362,Student_1362,Male,2014-01-19,6,A,2023-10-11,Roll_1362,Guardian_1362,03170857771,Unpaid,No,Average
1363,Student_1363,Male,2018-07-22,6,B,2024-08-22,Roll_1363,Guardian_1363,03139187196,Paid,Yes,Average
1364,Student_1364,Male,2010-09-05,6,A,2024-03-26,Roll_1364,Guardian_1364,03371984496,Unpaid,No,Average
1365,Student_1365,Male,2017-03-08,6,B,2022-11-09,Roll_1365,Guardian_1365,03248964359,Paid,No,Average
1366,Student_1366,Male,2011-09-29,6,A,2023-11-01,Roll_1366,Guardian_1366,03309772377,Paid,No,Average
1367,Student_1367,Male,2014-11-15,7,A,2022-08-26,Roll_1367,Guardian_1367,03343402155,Paid,No,High
1368,Student_1368,Male,2017-11-13,7,A,2022-01-24,Roll_1368,Guardian_1368,03187956975,Unpaid,No,High
1369,Student_1369,Male,2018-05-30,7,B,2023-07-05,Roll_1369,Guardian_1369,03493491931,Paid,Yes,Average
1370,Student_1370,Female,2015-11-16,7,B,2022-05-11,Roll_1370,Guardian_1370,03241170016,Paid,No,Low
1371,Student_1371,Male,2015-08-09,7,B,2022-12-08,Roll_1371,Guardian_1371,03297400874,Paid,No,Average
1372,Student_1372,Male,2012-07-24,7,A,2024-11-08,Roll_1372,Guardian_1372,03101378958,Paid,Yes,Low
1373,Student_1373,Female,2014-04-18,7,A,2022-11-04,Roll_1373,Guardian_1373,03196078917,Paid,No,High
1374,Student_1374,Female,2018-01-29,7,A,2023-10-18,Roll_1374,Guardian_1374,03245630507,Paid,No,Average
1375,Student_1375,Male,2012-01-05,7,A,2023-04-03,Roll_1375,Guardian_1375,03376904125,Paid,No,Average
1376,Student_1376,Female,2018-09-04,7,A,2023-09-29,Roll_1376,Guardian_1376,03275718347,Paid,No,Low
1377,Student_1377,Female,2016-04-28,7,A,2023-09-15,Roll_1377,Guardian_1377,03497056832,Paid,No,Average
1378,Student_1378,Female,2018-08-31,7,B,2023-02-05,Roll_1378,Guardian_1378,03493238258,Paid,Yes,Average
1379,Student_1379,Male,2012-08-12,7,A,2023-12-11,Roll_1379,Guardian_1379,03441418674,Paid,No,Low
1380,Student_1380,Female,2018-04-12,7,A,2023-09-22,Roll_1380,Guardian_1380,03155807205,Paid,Yes,Low
1381,Student_1381,Male,2011-08-07,7,B,2023-07-28,Roll_1381,Guardian_1381,03149943298,Paid,Yes,Average
1382,Student_1382,Female,2015-02-21,7,B,2022-06-23,Roll_1382,Guardian_1382,03411798858,Paid,Yes,Average
1383,Student_1383,Male,2014-11-17,7,B,2022-09-25,Roll_1383,Guardian_1383,03227115857,Unpaid,No,High
1384,Student_1384,Female,2017-11-10,7,B,2023-10-31,Roll_1384,Guardian_1384,03270755937,Unpaid,No,Low
1385,Student_1385,Male,2011-07-12,7,A,2022-08-12,Roll_1385,Guardian_1385,03183435405,Paid,Yes,High
1386,Student_1386,Female,2011-05-10,7,B,2024-01-04,Roll_1386,Guardian_1386,03211473849,Unpaid,No,Average
1387,Student_1387,Male,2011-01-06,7,B,2022-11-19,Roll_1387,Guardian_1387,03468322890,Unpaid,Yes,Average
1388,Student_1388,Female,2011-08-31,7,A,2022-07-06,Roll_1388,Guardian_1388,03481799723,Paid,No,Low
1389,Student_1389,Female,2012-12-01,7,B,2022-12-23,Roll_1389,Guardian_1389,03116687068,Unpaid,No,Average
1390,Student_1390,Male,2018-11-26,7,A,2022-10-14,Roll_1390,Guardian_1390,03165204722,Paid,Yes,High
1391,Student_1391,Female,2014-03-05,7,A,2022-06-22,Roll_1391,Guardian_1391,03412632708,Unpaid,Yes,High
1392,Student_1392,Male,2017-03-30,7,A,2024-06-27,Roll_1392,Guardian_1392,03169144436,Paid,No,Low
1393,Student_1393,Female,2010-07-27,7,A,2022-12-11,Roll_1393,Guardian_1393,03408101732,Unpaid,No,High
1394,Student_1394,Female,2011-12-09,7,B,2023-12-26,Roll_1394,Guardian_1394,03215274829,Paid,No,High
1395,Student_1395,Male,2010-05-22,7,B,2023-05-19,Roll_1395,Guardian_1395,03447504944,Unpaid,No,Average
1396,Student_1396,Female,2010-09-07,7,B,2022-06-29,Roll_1396,Guardian_1396,03250203589,Unpaid,Yes,Low
1397,Student_1397,Male,2017-01-27,7,B,2022-02-09,Roll_1397,Guardian_1397,03305352092,Unpaid,No,Average
1398,Student_1398,Female,2014-05-10,7,B,2023-07-08,Roll_1398,Guardian_1398,03196537912,Paid,No,Average
1399,Student_1399,Female,2010-08-28,7,A,2024-08-24,Roll_1399,Guardian_1399,03384236797,Unpaid,Yes,High
1400,Student_1400,Male,2012-12-27,7,A,2024-12-28,Roll_1400,Guardian_1400,03495706150,Paid,Yes,High
1401,Student_1401,Male,2011-12-23,7,B,2023-04-30,Roll_1401,Guardian_1401,03418106491,Unpaid,No,Average
1402,Student_1402,Female,2016-05-14,7,A,2022-10-19,Roll_1402,Guardian_1402,03402316782,Paid,No,Average
1403,Student_1403,Male,2011-01-05,7,B,2022-04-26,Roll_1403,Guardian_1403,03224888712,Paid,Yes,Average
1404,Student_1404,Male,2011-06-19,7,B,2023-11-29,Roll_1404,Guardian_1404,03484902960,Paid,No,High
1405,Student_1405,Male,2018-09-07,7,A,2022-08-16,Roll_1405,Guardian_1405,03382552408,Unpaid,Yes,High
1406,Student_1406,Female,2016-07-28,7,B,2022-07-26,Roll_1406,Guardian_1406,03280689849,Unpaid,No,Average
1407,Student_1407,Female,2018-11-18,7,A,2024-09-24,Roll_1407,Guardian_1407,03448526003,Unpaid,Yes,Low
1408,Student_1408,Male,2014-03-30,7,B,2023-09-21,Roll_1408,Guardian_1408,03494060550,Unpaid,Yes,Average
1409,Student_1409,Female,2018-08-24,7,A,2022-03-08,Roll_1409,Guardian_1409,03197754399,Unpaid,Yes,Average
1410,Student_1410,Male,2013-09-18,7,A,2022-06-09,Roll_1410,Guardian_1410,03227773091,Unpaid,No,Low
1411,Student_1411,Male,2017-12-13,7,A,2023-11-19,Roll_1411,Guardian_1411,03339782620,Paid,No,Average
1412,Student_1412,Male,2013-12-06,7,A,2023-06-10,Roll_1412,Guardian_1412,03158000632,Paid,Yes,Average
1413,Student_1413,Female,2011-11-13,7,B,2024-04-27,Roll_1413,Guardian_1413,03364721376,Unpaid,No,Average
1414,Student_1414,Female,2018-11-05,7,B,2023-04-07,Roll_1414,Guardian_1414,03187325549,Unpaid,Yes,High
1415,Student_1415,Female,2012-12-05,7,A,2022-08-03,Roll_1415,Guardian_1415,03139836037,Unpaid,Yes,Average
1416,Student_1416,Male,2016-02-19,7,B,2022-07-10,Roll_1416,Guardian_1416,03281435836,Unpaid,Yes,Average
1417,Student_1417,Male,2016-10-23,7,B,2024-06-08,Roll_1417,Guardian_1417,03184344451,Paid,Yes,Low
1418,Student_1418,Male,2014-08-04,7,B,2023-06-28,Roll_1418,Guardian_1418,03454655794,Unpaid,No,Average
1419,Student_1419,Female,2016-05-30,7,A,2024-10-02,Roll_1419,Guardian_1419,03182457968,Paid,No,High
1420,Student_1420,Female,2017-06-04,7,A,2024-09-10,Roll_1420,Guardian_1420,03207199595,Paid,Yes,Average
1421,Student_1421,Female,2010-12-02,7,A,2024-08-27,Roll_1421,Guardian_1421,03162013383,Unpaid,No,Average
1422,Student_1422,Female,2011-01-09,7,B,2024-03-04,Roll_1422,Guardian_1422,03199257350,Unpaid,No,Average
1423,Student_1423,Male,2012-12-14,7,B,2024-06-19,Roll_1423,Guardian_1423,03349676091,Unpaid,Yes,Average
1424,Student_1424,Male,2018-06-09,7,B,2022-07-18,Roll_1424,Guardian_1424,03146013763,Unpaid,No,Average
1425,Student_1425,Female,2015-11-11,7,A,2024-05-07,Roll_1425,Guardian_1425,03387502109,Unpaid,Yes,Average
1426,Student_1426,Female,2018-01-04,7,B,2022-03-13,Roll_1426,Guardian_1426,03369563672,Paid,Yes,Average
1427,Student_1427,Male,2012-05-17,7,B,2023-01-30,Roll_1427,Guardian_1427,03167745595,Paid,No,Average
1428,Student_1428,Female,2012-04-07,7,A,2022-10-30,Roll_1428,Guardian_1428,03419463779,Unpaid,No,Low
1429,Student_1429,Female,2016-03-11,7,A,2023-10-30,Roll_1429,Guardian_1429,03248284187,Unpaid,Yes,High
1430,Student_1430,Male,2011-08-31,8,B,2022-07-25,Roll_1430,Guardian_1430,03156712261,Paid,No,High
1431,Student_1431,Female,2014-04-18,8,B,2024-09-21,Roll_1431,Guardian_1431,03407102636,Unpaid,Yes,Low
1432,Student_1432,Male,2016-12-07,8,A,2024-04-02,Roll_1432,Guardian_1432,03120821214,Unpaid,No,Average
1433,Student_1433,Female,2013-01-05,8,A,2024-02-02,Roll_1433,Guardian_1433,03110862451,Unpaid,No,High
1434,Student_1434,Female,2017-10-22,8,B,2022-07-21,Roll_1434,Guardian_1434,03222383704,Paid,No,Average
1435,Student_1435,Female,2013-01-08,8,B,2024-05-03,Roll_1435,Guardian_1435,03424795696,Paid,Yes,Low
1436,Student_1436,Female,2018-04-23,8,B,2024-09-19,Roll_1436,Guardian_1436,03377294584,Unpaid,Yes,Average
1437,Student_1437,Female,2011-07-10,8,A,2024-12-09,Roll_1437,Guardian_1437,03405303619,Paid,Yes,High
1438,Student_1438,Male,2010-08-25,8,A,2023-05-26,Roll_1438,Guardian_1438,03117754880,Unpaid,Yes,Low
1439,Student_1439,Female,2014-02-17,8,B,2024-08-08,Roll_1439,Guardian_1439,03371187658,Unpaid,Yes,Average
1440,Student_1440,Female,2016-08-30,8,A,2024-07-02,Roll_1440,Guardian_1440,03195339519,Unpaid,No,Average
1441,Student_1441,Female,2018-05-26,8,B,2022-07-05,Roll_1441,Guardian_1441,03253045459,Paid,No,Average
1442,Student_1442,Male,2012-06-25,8,A,2023-04-07,Roll_1442,Guardian_1442,03463834864,Paid,No,Average
1443,Student_1443,Male,2015-04-26,8,B,2022-09-28,Roll_1443,Guardian_1443,03447554958,Paid,Yes,Average
1444,Student_1444,Female,2017-12-29,8,A,2023-07-18,Roll_1444,Guardian_1444,03327529541,Unpaid,No,Average
1445,Student_1445,Female,2013-05-22,8,B,2024-12-02,Roll_1445,Guardian_1445,03434795972,Unpaid,Yes,Average
1446,Student_1446,Female,2016-04-18,8,A,2023-08-02,Roll_1446,Guardian_1446,03260243042,Paid,No,Average
1447,Student_1447,Female,2017-03-08,8,A,2023-10-28,Roll_1447,Guardian_1447,03248651464,Unpaid,No,Average
1448,Student_1448,Male,2010-08-21,8,A,2024-04-07,Roll_1448,Guardian_1448,03454619519,Unpaid,Yes,High
1449,Student_1449,Female,2012-11-28,8,A,2024-05-07,Roll_1449,Guardian_1449,03317217377,Unpaid,Yes,Average
1450,Student_1450,Male,2017-09-12,8,A,2024-12-30,Roll_1450,Guardian_1450,03442691998,Unpaid,No,Average
1451,Student_1451,Male,2013-04-18,8,B,2022-07-19,Roll_1451,Guardian_1451,03352748559,Paid,No,Low
1452,Student_1452,Female,2017-05-04,8,A,2022-07-02,Roll_1452,Guardian_1452,03219321444,Unpaid,Yes,Low
1453,Student_1453,Female,2014-03-03,8,B,2023-06-18,Roll_1453,Guardian_1453,03414375874,Unpaid,No,Average
1454,Student_1454,Male,2015-04-19,8,A,2023-02-03,Roll_1454,Guardian_1454,03368691745,Paid,No,Average
1455,Student_1455,Male,2011-07-17,8,B,2023-02-15,Roll_1455,Guardian_1455,03283969494,Unpaid,No,Average
1456,Student_1456,Male,2018-09-26,8,A,2022-06-15,Roll_1456,Guardian_1456,03361767973,Unpaid,Yes,Average
1457,Student_1457,Male,2015-01-26,8,B,2023-07-15,Roll_1457,Guardian_1457,03212411302,Paid,Yes,Average
1458,Student_1458,Male,2011-06-15,8,B,2024-06-07,Roll_1458,Guardian_1458,03440101033,Unpaid,No,Low
1459,Student_1459,Female,2010-01-20,8,B,2022-03-19,Roll_1459,Guardian_1459,03386572353,Paid,No,Low
1460,Student_1460,Male,2010-03-15,8,A,2022-01-09,Roll_1460,Guardian_1460,03436449980,Paid,Yes,Low
1461,Student_1461,Male,2014-04-21,8,B,2024-10-27,Roll_1461,Guardian_1461,03416040169,Unpaid,Yes,Average
1462,Student_1462,Female,2013-04-06,8,A,2024-07-22,Roll_1462,Guardian_1462,03490751780,Unpaid,No,Low
1463,Student_1463,Female,2014-01-11,8,A,2023-01-21,Roll_1463,Guardian_1463,03188521158,Unpaid,Yes,Average
1464,Student_1464,Male,2012-05-15,8,A,2022-02-14,Roll_1464,Guardian_1464,03416588929,Paid,Yes,Average
1465,Student_1465,Male,2014-03-17,8,B,2023-06-08,Roll_1465,Guardian_1465,03387082825,Paid,Yes,Average
1466,Student_1466,Male,2010-07-17,8,A,2022-08-26,Roll_1466,Guardian_1466,03323754678,Unpaid,No,Average
1467,Student_1467,Female,2017-11-14,8,A,2022-11-10,Roll_1467,Guardian_1467,03210324241,Paid,No,Average
1468,Student_1468,Female,2016-12-25,8,B,2022-10-08,Roll_1468,Guardian_1468,03324855361,Paid,Yes,Average
1469,Student_1469,Male,2015-08-01,8,B,2023-02-11,Roll_1469,Guardian_1469,03426955357,Paid,No,High
1470,Student_1470,Female,2013-04-24,8,A,2022-11-25,Roll_1470,Guardian_1470,03121155779,Unpaid,Yes,Average
1471,Student_1471,Male,2010-02-22,8,B,2022-07-02,Roll_1471,Guardian_1471,03159287146,Unpaid,Yes,Average
1472,Student_1472,Male,2018-02-11,8,A,2022-07-27,Roll_1472,Guardian_1472,03237381025,Paid,No,Low
1473,Student_1473,Male,2011-02-13,8,B,2022-12-24,Roll_1473,Guardian_1473,03121176615,Unpaid,No,Average
1474,Student_1474,Male,2011-01-25,8,B,2022-04-04,Roll_1474,Guardian_1474,03105192789,Paid,Yes,Average
1475,Student_1475,Female,2016-12-21,8,B,2023-07-04,Roll_1475,Guardian_1475,03493562857,Paid,No,Average
1476,Student_1476,Female,2014-06-28,8,B,2024-07-23,Roll_1476,Guardian_1476,03245939278,Unpaid,No,Average
1477,Student_1477,Male,2011-04-09,8,B,2022-09-29,Roll_1477,Guardian_1477,03473753354,Paid,Yes,Average
1478,Student_1478,Female,2018-12-31,8,A,2024-06-16,Roll_1478,Guardian_1478,03197313520,Unpaid,No,Average
1479,Student_1479,Male,2015-06-02,8,A,2024-09-26,Roll_1479,Guardian_1479,03160632846,Unpaid,No,Low
1480,Student_1480,Female,2010-02-20,8,A,2024-12-10,Roll_1480,Guardian_1480,03499229995,Paid,No,High
1481,Student_1481,Male,2015-05-28,8,A,2023-12-10,Roll_1481,Guardian_1481,03456326939,Unpaid,Yes,Average
1482,Student_1482,Male,2015-09-02,8,A,2024-08-19,Roll_1482,Guardian_1482,03366199349,Paid,Yes,High
1483,Student_1483,Female,2013-02-13,8,B,2022-04-14,Roll_1483,Guardian_1483,03372155613,Paid,No,Average
1484,Student_1484,Male,2015-02-24,8,B,2024-06-28,Roll_1484,Guardian_1484,03407645785,Unpaid,Yes,Low
1485,Student_1485,Male,2015-07-31,8,B,2022-02-06,Roll_1485,Guardian_1485,03155106214,Unpaid,No,Average
1486,Student_1486,Male,2011-01-08,8,A,2023-09-16,Roll_1486,Guardian_1486,03372911746,Paid,No,Average
1487,Student_1487,Male,2012-07-02,8,B,2024-07-19,Roll_1487,Guardian_1487,03278226445,Unpaid,No,Average
1488,Student_1488,Male,2010-01-09,8,B,2023-12-01,Roll_1488,Guardian_1488,03290663786,Unpaid,No,High
1489,Student_1489,Male,2015-07-10,8,A,2022-10-15,Roll_1489,Guardian_1489,03484859194,Unpaid,Yes,High
1490,Student_1490,Male,2011-05-10,8,B,2024-03-15,Roll_1490,Guardian_1490,03215743735,Unpaid,Yes,Average
1491,Student_1491,Female,2010-07-10,8,B,2022-09-10,Roll_1491,Guardian_1491,03341862815,Unpaid,Yes,High
1492,Student_1492,Male,2016-03-16,8,B,2024-06-05,Roll_1492,Guardian_1492,03414134289,Unpaid,Yes,High
1493,Student_1493,Male,2011-03-01,8,A,2024-03-04,Roll_1493,Guardian_1493,03453004332,Unpaid,No,Average
1494,Student_1494,Male,2013-01-25,8,B,2024-03-25,Roll_1494,Guardian_1494,03284070917,Unpaid,No,Low
1495,Student_1495,Female,2017-11-13,8,A,2023-10-05,Roll_1495,Guardian_1495,03482184634,Paid,Yes,High
1496,Student_1496,Female,2017-09-13,8,A,2023-12-09,Roll_1496,Guardian_1496,03460977890,Paid,Yes,Average
1497,Student_1497,Female,2016-04-22,8,B,2024-09-10,Roll_1497,Guardian_1497,03412891735,Unpaid,No,Average
1498,Student_1498,Male,2010-04-14,8,B,2024-02-20,Roll_1498,Guardian_1498,03178021687,Paid,Yes,Low
1499,Student_1499,Male,2013-03-19,9,B,2023-05-29,Roll_1499,Guardian_1499,03178613143,Paid,No,Low
1500,Student_1500,Male,2014-01-09,9,A,2024-07-15,Roll_1500,Guardian_1500,03155018534,Paid,No,Low
1501,Student_1501,Female,2017-10-09,9,A,2022-04-07,Roll_1501,Guardian_1501,03304860615,Unpaid,No,Average
1502,Student_1502,Male,2010-02-23,9,B,2023-05-30,Roll_1502,Guardian_1502,03209031621,Unpaid,Yes,Low
1503,Student_1503,Male,2018-09-15,9,B,2023-02-01,Roll_1503,Guardian_1503,03257935461,Unpaid,Yes,Low
1504,Student_1504,Male,2018-03-30,9,A,2024-11-18,Roll_1504,Guardian_1504,03164077589,Unpaid,Yes,Average
1505,Student_1505,Female,2011-06-17,9,B,2022-11-26,Roll_1505,Guardian_1505,03413525127,Unpaid,Yes,Average
1506,Student_1506,Male,2010-06-13,9,B,2022-11-11,Roll_1506,Guardian_1506,03273210677,Paid,No,Average
1507,Student_1507,Female,2010-10-26,9,B,2023-10-13,Roll_1507,Guardian_1507,03382069329,Paid,Yes,Low
1508,Student_1508,Male,2014-08-31,9,A,2024-04-06,Roll_1508,Guardian_1508,03149362892,Unpaid,Yes,Low
1509,Student_1509,Female,2014-01-17,9,A,2023-08-25,Roll_1509,Guardian_1509,03217276916,Unpaid,Yes,Average
1510,Student_1510,Female,2012-09-11,9,A,2023-05-15,Roll_1510,Guardian_1510,03121408935,Unpaid,No,Average
1511,Student_1511,Female,2010-04-12,9,A,2024-11-24,Roll_1511,Guardian_1511,03301304066,Unpaid,No,Average
1512,Student_1512,Male,2013-08-05,9,A,2024-11-18,Roll_1512,Guardian_1512,03144208874,Paid,Yes,Average
1513,Student_1513,Male,2017-07-08,9,A,2023-03-13,Roll_1513,Guardian_1513,03467974104,Unpaid,Yes,Average
1514,Student_1514,Female,2017-04-02,9,A,2022-05-28,Roll_1514,Guardian_1514,03468316823,Paid,Yes,Average
1515,Student_1515,Male,2010-12-25,9,B,2022-05-31,Roll_1515,Guardian_1515,03129134951,Paid,No,Average
1516,Student_1516,Male,2012-11-25,9,A,2024-04-14,Roll_1516,Guardian_1516,03308323419,Unpaid,No,Average
1517,Student_1517,Female,2017-07-20,9,B,2022-08-31,Roll_1517,Guardian_1517,03387137018,Paid,Yes,Average
1518,Student_1518,Male,2014-01-05,9,A,2024-10-26,Roll_1518,Guardian_1518,03156981085,Unpaid,No,Average
1519,Student_1519,Female,2014-04-12,9,A,2024-03-20,Roll_1519,Guardian_1519,03454723048,Paid,No,Average
1520,Student_1520,Male,2018-05-17,9,A,2024-03-11,Roll_1520,Guardian_1520,03392983595,Unpaid,Yes,Average
1521,Student_1521,Female,2010-02-15,9,B,2022-10-17,Roll_1521,Guardian_1521,03166161372,Paid,Yes,Average
1522,Student_1522,Male,2013-06-02,9,B,2023-03-07,Roll_1522,Guardian_1522,03498052459,Unpaid,Yes,Average
1523,Student_1523,Male,2011-10-22,9,B,2023-01-12,Roll_1523,Guardian_1523,03218534639,Unpaid,Yes,Low
1524,Student_1524,Male,2018-06-04,9,A,2024-08-02,Roll_1524,Guardian_1524,03446106994,Paid,No,Average
1525,Student_1525,Male,2018-02-20,9,A,2024-09-24,Roll_1525,Guardian_1525,03277624240,Unpaid,Yes,Average
1526,Student_1526,Male,2012-03-03,9,A,2023-10-13,Roll_1526,Guardian_1526,03360844763,Unpaid,No,High
1527,Student_1527,Male,2016-05-05,9,B,2024-01-17,Roll_1527,Guardian_1527,03269830070,Unpaid,Yes,Average
1528,Student_1528,Male,2017-12-27,9,A,2024-06-12,Roll_1528,Guardian_1528,03248541352,Unpaid,Yes,Average
1529,Student_1529,Female,2014-12-30,9,B,2024-01-05,Roll_1529,Guardian_1529,03263998920,Unpaid,Yes,Low
1530,Student_1530,Male,2013-02-23,9,A,2022-10-14,Roll_1530,Guardian_1530,03389168356,Paid,No,Average
1531,Student_1531,Male,2015-09-09,9,A,2022-03-05,Roll_1531,Guardian_1531,03412400079,Unpaid,Yes,Average
1532,Student_1532,Female,2017-05-02,9,A,2022-11-01,Roll_1532,Guardian_1532,03296397383,Unpaid,Yes,Average
1533,Student_1533,Male,2014-06-14,9,B,2024-01-16,Roll_1533,Guardian_1533,03369599002,Paid,Yes,High
1534,Student_1534,Male,2015-01-02,9,A,2022-11-23,Roll_1534,Guardian_1534,03196177837,Paid,No,Low
1535,Student_1535,Female,2012-08-07,9,B,2022-05-09,Roll_1535,Guardian_1535,03241925646,Unpaid,Yes,High
1536,Student_1536,Female,2014-05-09,9,A,2024-08-19,Roll_1536,Guardian_1536,03344084843,Paid,Yes,Average
1537,Student_1537,Female,2018-04-27,9,B,2023-06-24,Roll_1537,Guardian_1537,03410650386,Paid,No,High
1538,Student_1538,Male,2015-10-18,9,B,2023-05-31,Roll_1538,Guardian_1538,03302039975,Paid,No,Average
1539,Student_1539,Female,2015-06-18,9,B,2024-09-14,Roll_1539,Guardian_1539,03424383302,Paid,Yes,Low
1540,Student_1540,Male,2015-10-09,9,B,2023-07-30,Roll_1540,Guardian_1540,03213557380,Paid,Yes,Average
1541,Student_1541,Male,2017-05-31,9,A,2023-04-17,Roll_1541,Guardian_1541,03322594024,Unpaid,Yes,Average
1542,Student_1542,Female,2012-05-13,9,B,2022-11-27,Roll_1542,Guardian_1542,03447494653,Unpaid,Yes,Average
1543,Student_1543,Male,2011-07-06,9,A,2024-11-15,Roll_1543,Guardian_1543,03121040433,Paid,Yes,High
1544,Student_1544,Male,2015-10-18,9,A,2024-04-10,Roll_1544,Guardian_1544,03421777617,Paid,No,Average
1545,Student_1545,Female,2015-05-27,9,A,2022-12-16,Roll_1545,Guardian_1545,03217770048,Unpaid,Yes,Average
1546,Student_1546,Female,2011-11-18,9,A,2023-12-03,Roll_1546,Guardian_1546,03343454928,Paid,Yes,Average
1547,Student_1547,Male,2010-03-09,9,B,2023-02-19,Roll_1547,Guardian_1547,03380628515,Unpaid,Yes,Average
1548,Student_1548,Male,2018-10-16,9,A,2024-12-24,Roll_1548,Guardian_1548,03370222810,Paid,Yes,Average
1549,Student_1549,Male,2018-09-09,9,B,2024-06-02,Roll_1549,Guardian_1549,03380270361,Unpaid,No,Average
1550,Student_1550,Female,2012-07-28,9,A,2024-09-14,Roll_1550,Guardian_1550,03304674787,Unpaid,Yes,Average
1551,Student_1551,Female,2018-08-03,9,B,2023-04-22,Roll_1551,Guardian_1551,03144999221,Unpaid,No,High
1552,Student_1552,Male,2016-06-25,9,B,2024-12-06,Roll_1552,Guardian_1552,03163258750,Paid,No,Average
1553,Student_1553,Female,2014-08-02,9,A,2024-01-12,Roll_1553,Guardian_1553,03157221430,Paid,No,Average
1554,Student_1554,Female,2016-05-01,9,B,2024-01-19,Roll_1554,Guardian_1554,03428500937,Unpaid,No,Average
1555,Student_1555,Female,2012-01-03,10,B,2024-01-29,Roll_1555,Guardian_1555,03400161212,Unpaid,No,Average
1556,Student_1556,Female,2018-04-02,10,B,2022-10-10,Roll_1556,Guardian_1556,03453949787,Paid,Yes,Average
1557,Student_1557,Male,2011-02-15,10,B,2023-03-16,Roll_1557,Guardian_1557,03372914863,Unpaid,No,Low
1558,Student_1558,Male,2011-01-09,10,A,2022-10-25,Roll_1558,Guardian_1558,03353225183,Unpaid,Yes,Average
1559,Student_1559,Female,2010-11-24,10,A,2022-03-19,Roll_1559,Guardian_1559,03488960137,Unpaid,No,Average
1560,Student_1560,Male,2018-09-04,10,B,2022-12-25,Roll_1560,Guardian_1560,03443753780,Unpaid,No,Average
1561,Student_1561,Female,2012-03-08,10,A,2022-03-10,Roll_1561,Guardian_1561,03421862116,Paid,Yes,Average
1562,Student_1562,Male,2011-10-07,10,A,2022-06-27,Roll_1562,Guardian_1562,03248142478,Unpaid,No,Average
1563,Student_1563,Male,2015-10-22,10,B,2022-02-01,Roll_1563,Guardian_1563,03495633885,Paid,Yes,Average
1564,Student_1564,Female,2013-11-24,10,B,2023-07-21,Roll_1564,Guardian_1564,03221491477,Paid,No,Average
1565,Student_1565,Female,2011-12-18,10,B,2024-04-13,Roll_1565,Guardian_1565,03371784510,Paid,Yes,Average
1566,Student_1566,Male,2015-10-04,10,B,2023-06-12,Roll_1566,Guardian_1566,03388784681,Unpaid,No,Average
1567,Student_1567,Male,2018-06-30,10,B,2023-11-27,Roll_1567,Guardian_1567,03346342374,Unpaid,Yes,Average
1568,Student_1568,Male,2014-04-17,10,B,2023-03-28,Roll_1568,Guardian_1568,03463414887,Paid,No,High
1569,Student_1569,Male,2017-11-10,10,B,2023-06-24,Roll_1569,Guardian_1569,03233282290,Unpaid,Yes,Low
1570,Student_1570,Female,2010-11-08,10,B,2023-01-01,Roll_1570,Guardian_1570,03355848763,Unpaid,No,Average
1571,Student_1571,Female,2012-01-19,10,A,2023-01-25,Roll_1571,Guardian_1571,03367898230,Paid,Yes,Low
1572,Student_1572,Male,2012-07-27,10,A,2023-02-20,Roll_1572,Guardian_1572,03234054214,Unpaid,Yes,Low
1573,Student_1573,Male,2017-07-31,10,A,2024-10-05,Roll_1573,Guardian_1573,03429545849,Paid,Yes,High
1574,Student_1574,Female,2015-07-10,10,B,2023-07-17,Roll_1574,Guardian_1574,03363499117,Paid,No,Average
1575,Student_1575,Male,2010-08-10,10,B,2024-12-12,Roll_1575,Guardian_1575,03327190814,Unpaid,Yes,Average
1576,Student_1576,Male,2015-02-16,10,B,2022-09-04,Roll_1576,Guardian_1576,03474867197,Unpaid,No,Average
1577,Student_1577,Male,2014-04-04,10,A,2022-07-26,Roll_1577,Guardian_1577,03274717229,Unpaid,No,High
1578,Student_1578,Male,2013-01-08,10,A,2024-08-23,Roll_1578,Guardian_1578,03429146991,Unpaid,No,Average
1579,Student_1579,Male,2014-09-13,10,A,2024-02-02,Roll_1579,Guardian_1579,03295999751,Unpaid,No,Average
1580,Student_1580,Male,2016-06-16,10,B,2023-04-14,Roll_1580,Guardian_1580,03153617159,Unpaid,Yes,Average
1581,Student_1581,Male,2011-08-21,10,B,2022-11-03,Roll_1581,Guardian_1581,03353932975,Paid,Yes,Low
1582,Student_1582,Female,2018-10-22,10,B,2024-09-23,Roll_1582,Guardian_1582,03261079625,Unpaid,Yes,Average
1583,Student_1583,Male,2010-09-03,10,B,2023-03-18,Roll_1583,Guardian_1583,03236520734,Unpaid,Yes,High
1584,Student_1584,Female,2014-01-18,10,B,2024-01-08,Roll_1584,Guardian_1584,03400835633,Unpaid,No,Average
1585,Student_1585,Female,2017-08-15,10,A,2023-02-12,Roll_1585,Guardian_1585,03409696001,Paid,No,Average
1586,Student_1586,Female,2018-09-09,10,B,2024-07-04,Roll_1586,Guardian_1586,03142094719,Unpaid,No,Average
1587,Student_1587,Male,2011-11-18,10,B,2023-11-22,Roll_1587,Guardian_1587,03326461000,Unpaid,Yes,Average
1588,Student_1588,Male,2013-07-08,10,A,2023-10-11,Roll_1588,Guardian_1588,03450583739,Unpaid,No,Average
1589,Student_1589,Female,2018-10-04,10,B,2024-01-14,Roll_1589,Guardian_1589,03415100153,Unpaid,No,Average
1590,Student_1590,Male,2011-05-28,10,A,2023-04-26,Roll_1590,Guardian_1590,03455420649,Unpaid,Yes,Average
1591,Student_1591,Male,2011-01-27,10,A,2022-05-11,Roll_1591,Guardian_1591,03354039688,Paid,Yes,Average
1592,Student_1592,Male,2011-03-02,10,B,2023-06-22,Roll_1592,Guardian_1592,03431841078,Paid,Yes,Average
1593,Student_1593,Male,2018-04-10,10,B,2023-08-05,Roll_1593,Guardian_1593,03337919942,Paid,Yes,Average
1594,Student_1594,Female,2013-08-25,10,A,2024-09-02,Roll_1594,Guardian_1594,03350822587,Unpaid,No,High
1595,Student_1595,Male,2016-08-17,10,A,2024-07-24,Roll_1595,Guardian_1595,03438791058,Unpaid,No,Low
1596,Student_1596,Male,2011-01-02,10,B,2024-06-23,Roll_1596,Guardian_1596,03265285473,Unpaid,No,Average
1597,Student_1597,Male,2010-01-01,10,B,2024-12-07,Roll_1597,Guardian_1597,03173175749,Unpaid,No,Average
1598,Student_1598,Female,2018-06-22,10,B,2024-09-04,Roll_1598,Guardian_1598,03260852172,Paid,No,Average
1599,Student_1599,Male,2016-02-24,10,B,2024-02-05,Roll_1599,Guardian_1599,03201238273,Unpaid,No,Average
1600,Student_1600,Female,2014-03-30,10,B,2023-03-28,Roll_1600,Guardian_1600,03241186461,Paid,No,Average
1601,Student_1601,Female,2013-03-12,10,A,2024-12-25,Roll_1601,Guardian_1601,03244322724,Unpaid,Yes,Average
1602,Student_1602,Female,2011-03-29,10,A,2024-07-21,Roll_1602,Guardian_1602,03431640954,Unpaid,No,Average
1603,Student_1603,Male,2011-09-16,10,B,2022-04-12,Roll_1603,Guardian_1603,03387210237,Paid,Yes,Average
1604,Student_1604,Male,2018-01-08,10,A,2024-06-16,Roll_1604,Guardian_1604,03490362639,Paid,Yes,Average
1605,Student_1605,Female,2012-06-08,10,A,2023-12-02,Roll_1605,Guardian_1605,03325616259,Unpaid,No,Average
1606,Student_1606,Male,2013-09-14,10,B,2022-06-14,Roll_1606,Guardian_1606,03178430306,Paid,No,Average
1607,Student_1607,Female,2012-01-14,10,B,2023-01-29,Roll_1607,Guardian_1607,03234260391,Unpaid,Yes,High
1608,Student_1608,Male,2014-04-26,10,A,2024-06-26,Roll_1608,Guardian_1608,03232694191,Paid,Yes,Low
1609,Student_1609,Male,2015-11-05,10,B,2023-03-03,Roll_1609,Guardian_1609,03353846283,Unpaid,No,Average
1610,Student_1610,Male,2018-05-09,10,B,2024-12-02,Roll_1610,Guardian_1610,03165574225,Unpaid,No,Average
